StartDate,EndDate,Status,Progress,Duration (in seconds),Finished,RecordedDate,ResponseId,DistributionChannel,UserLanguage,consent,prolificID,SE1,public_CSE1,private_CSE1,BMIS_sad_1,BMIS_shame_1,BMIS_guilt_1,BMIS_tired_1,BMIS_nervous_1,BMIS_calm_1,BMIS_fedup_1,BMIS_loving_1,BMIS_angry_1,BMIS_lively_1,BMIS_caring_1,BMIS_content_1,BMIS_gloomy_1,BMIS_jittery_1,BMIS_drowsy_1,BMIS_happy_1,BMIS_outraged_1,BMIS_empathetic_18,attentioncheck_nogap,article_feel,article_sentiment,article_tone,BMIS_sad_2,BMIS_shame_2,BMIS_guilt_2,BMIS_tired_2,BMIS_nervous_2,BMIS_calm_2,BMIS_fedup_2,BMIS_loving_2,BMIS_angry_2,BMIS_lively_2,BMIS_caring_2,BMIS_content_2,BMIS_gloomy_2,BMIS_jittery_2,BMIS_drowsy_2,BMIS_happy_2,BMIS_outraged_2,BMIS_empathetic_2,SE_2,public_CSE2,private_CSE1,credibility,objective,valid,useful,attentioncheck_gap,control_summary,age,race,education,polit_affil,polit_affil_4_TEXT,polit_affil_cont_1,gender,gender_4_TEXT,iat_prev,iat_racial,iat_racial_time,iat_racial_quant,recent_results,control,nogap,gap
2024-01-12 14:07:09,2024-01-12 14:17:25,0,100,616,1,2024-01-12 14:17:26,R_6fYylJBDwMEA2eR,anonymous,EN,2,60fef1f87e50bd7f55933f00,3,5,1,2,1,1,3,2,3,1,3,1,1,4,2,3,1,3,2,1,4,,2,15,2,2,1,1,3,2,3,1,4,1,1,4,2,3,1,2,2,1,4,3,5,1,4,4,4,2,,There is a significant difference in wealth between rural and non rural areas. Some of these differences are from lack of economic initiative and some are from changing costs of living. The government takes step to encourage economic growth in some of these areas.,26,1,3,1,,6,2,,21,,,,,0,,
2024-01-12 14:15:18,2024-01-12 14:19:42,0,100,264,1,2024-01-12 14:19:43,R_6hKkgD5gyxjWJnt,anonymous,EN,2,62743aeb9ef8628d06ec5a75,2,3,2,3,3,3,2,3,3,4,2,3,2,3,2,4,2,2,2,2,3,"White and black adults age 65+ have similar incomes, both high school and college educated.",4,16,3,3,3,3,2,2,3,3,2,2,2,3,1,4,2,2,1,2,2,2,3,2,2,3,3,3,,,53,1,5,2,,3,1,,21,,,,,,1,
2024-01-12 14:14:29,2024-01-12 14:20:27,0,100,358,1,2024-01-12 14:20:28,R_6ozuGO0xP14XiI9,anonymous,EN,2,63d59b52111ca1095779494b,3,3,3,2,1,1,2,1,3,1,2,1,2,2,3,1,1,1,3,1,2,,2,14,3,3,3,3,3,3,3,2,2,2,2,2,2,1,1,1,1,1,3,3,3,1,5,5,4,4,"There is great economic disparity between whites and blacks in many different areas of the economy and situations.This includes home equity, savings amounts, and income.",,34,1,6,2,,2,2,,21,,,,,,,2
2024-01-12 14:18:30,2024-01-12 14:21:27,0,100,176,1,2024-01-12 14:21:27,R_5OpwF4oMGOSdFaV,anonymous,EN,2,5e3f6103f5f3e51c95083a52,3,3,3,2,2,2,2,2,3,1,2,2,2,2,2,3,2,3,2,2,2,,2,14,2,2,2,2,2,3,3,3,2,2,2,2,3,3,2,2,2,2,2,3,3,3,6,4,5,5,,there is a wide gap between salaries in the nation depending on location. Pay is becoming worse over the years.,36,1,5,5,,4,1,,21,,,,,0,,
2024-01-12 14:26:16,2024-01-12 14:26:28,0,100,12,1,2024-01-12 14:26:29,R_7vj4vIGPN7YU83L,anonymous,EN,,,,,,,,,,,,,,,,,,,,,,,,,,,,,,,,,,,,,,,,,,,,,,,,,,,,,,,,,,,,,,,,,,,,,,
2024-01-12 14:27:26,2024-01-12 14:27:36,0,100,9,1,2024-01-12 14:27:36,R_3dGvXAi7lU358qN,anonymous,EN,,,,,,,,,,,,,,,,,,,,,,,,,,,,,,,,,,,,,,,,,,,,,,,,,,,,,,,,,,,,,,,,,,,,,,
2024-01-12 14:24:33,2024-01-12 14:28:18,0,100,224,1,2024-01-12 14:28:18,R_1iWsbBn3qaqjmCO,anonymous,EN,2,600cff71c2b8b6481b27bff4,3,2,5,1,1,1,1,1,4,1,3,1,3,4,4,1,1,3,3,1,4,"Giving people the opportunity to pursue higher education leads to better outcomes for everyone, as well as society as a whole. ",4,16,4,1,1,1,1,1,3,1,3,1,1,3,3,1,1,1,3,1,3,3,1,5,5,5,5,5,,,29,1,2,2,,0,3,,21,,,,,,1,
2024-01-12 14:25:44,2024-01-12 14:28:23,0,100,158,1,2024-01-12 14:28:23,R_6VfklqnXzqzQo0y,anonymous,EN,2,5f3f22388550032138c461ef,1,4,1,3,3,3,3,3,2,3,2,2,1,3,1,3,2,3,1,2,3,,2,15,2,3,3,3,3,3,2,2,2,2,2,3,2,3,2,3,2,2,3,1,4,1,4,4,4,4,The article was about housing inequality.  It had statistics to back it up.,,37,1,2,1,,5,2,,21,,,,,,,2
2024-01-12 14:29:42,2024-01-12 14:29:53,0,100,11,1,2024-01-12 14:29:54,R_7QRS8X75QlSzwRw,anonymous,EN,,,,,,,,,,,,,,,,,,,,,,,,,,,,,,,,,,,,,,,,,,,,,,,,,,,,,,,,,,,,,,,,,,,,,,
2024-01-12 14:35:17,2024-01-12 14:35:20,0,100,2,1,2024-01-12 14:35:20,R_7OlTcrkHAi0D5Xr,anonymous,EN,,,,,,,,,,,,,,,,,,,,,,,,,,,,,,,,,,,,,,,,,,,,,,,,,,,,,,,,,,,,,,,,,,,,,,
2024-01-12 14:35:23,2024-01-12 14:35:35,0,100,11,1,2024-01-12 14:35:35,R_5FydjEGKlv1BH25,anonymous,EN,,,,,,,,,,,,,,,,,,,,,,,,,,,,,,,,,,,,,,,,,,,,,,,,,,,,,,,,,,,,,,,,,,,,,,
2024-01-12 14:35:33,2024-01-12 14:35:45,8,100,12,1,2024-01-12 14:35:46,R_3tm9cgDeHv2n1Py,anonymous,EN,,,,,,,,,,,,,,,,,,,,,,,,,,,,,,,,,,,,,,,,,,,,,,,,,,,,,,,,,,,,,,,,,,,,,,
2024-01-12 14:37:03,2024-01-12 14:37:05,8,100,2,1,2024-01-12 14:37:06,R_7sc2Q9uKvkXrEFh,anonymous,EN,,,,,,,,,,,,,,,,,,,,,,,,,,,,,,,,,,,,,,,,,,,,,,,,,,,,,,,,,,,,,,,,,,,,,,
2024-01-12 14:38:32,2024-01-12 14:38:34,0,100,2,1,2024-01-12 14:38:34,R_39nLD5VFJzImhSW,anonymous,EN,,,,,,,,,,,,,,,,,,,,,,,,,,,,,,,,,,,,,,,,,,,,,,,,,,,,,,,,,,,,,,,,,,,,,,
2024-01-12 14:36:34,2024-01-12 14:40:49,0,100,254,1,2024-01-12 14:40:50,R_3M53xjIk2tTVzk5,anonymous,EN,2,5bebbb9694bff800011dc37c,3,3,1,2,2,2,3,1,4,3,3,1,3,3,3,2,1,1,3,1,3,,2,14,1,2,2,2,3,1,3,2,2,2,2,3,3,1,1,2,3,2,3,3,3,1,4,4,5,5,A research study found disaparities between Black and White individuals/family. A white individual/family with a college degree had more equity than someone of black race with same education. ,,37,1,5,2,,4,2,,21,,,,,,,2
2024-01-12 14:35:09,2024-01-12 14:41:21,0,100,371,1,2024-01-12 14:41:21,R_7ibvp3Z4fWdgpkU,anonymous,EN,2,65a149eba1df94188d795752,1,2,1,2,1,3,3,1,4,1,3,1,2,3,3,2,1,2,3,1,3,,2,16,3,4,1,1,4,3,3,4,2,4,1,1,1,3,1,1,2,4,3,1,1,1,3,4,2,2,,Discussed income inequality. Also discussed how income inequality changes due to location.,33,1,4,2,,0,2,,21,,,,,0,,
2024-01-12 14:33:02,2024-01-12 14:41:24,0,100,501,1,2024-01-12 14:41:25,R_3NCVr5psTpn3RLK,anonymous,EN,2,63209d3d38b5c490f3bccd01,1,1,2,3,2,2,3,4,3,3,4,2,3,4,3,4,1,2,3,1,3,"For older adults (ages 65+), there is not a significant racial disparity when measuring income. White Americans and black Americans earn similar amounts when their educational background is similar for this age group.",3,16,3,3,2,1,3,2,4,3,4,2,2,3,3,2,2,1,3,2,3,1,1,2,4,2,4,1,,,34,1,6,3,,0,1,,21,,,,,,1,
2024-01-12 14:42:01,2024-01-12 14:42:02,8,100,1,1,2024-01-12 14:42:03,R_7oV5D8ScFi9z1Bf,anonymous,EN,,,,,,,,,,,,,,,,,,,,,,,,,,,,,,,,,,,,,,,,,,,,,,,,,,,,,,,,,,,,,,,,,,,,,,
2024-01-12 14:41:44,2024-01-12 14:44:15,0,100,150,1,2024-01-12 14:44:16,R_7gju3yrftcM6c9j,anonymous,EN,2,5f0a0df6490a690d6418913d,4,4,1,1,1,1,1,1,4,1,4,1,4,4,4,1,1,1,4,1,3,,2,14,2,1,1,1,1,1,4,1,3,1,4,4,3,1,1,1,3,1,3,4,4,1,6,6,7,7,Redlining has historically robbed Black Americans of equal income.,,22,1,5,3,,4,1,,21,,,,,,,2
2024-01-12 14:44:10,2024-01-12 14:44:20,0,100,9,1,2024-01-12 14:44:20,R_3E0QLG5Bi9HqZjU,anonymous,EN,,,,,,,,,,,,,,,,,,,,,,,,,,,,,,,,,,,,,,,,,,,,,,,,,,,,,,,,,,,,,,,,,,,,,,
2024-01-12 14:36:51,2024-01-12 14:44:46,0,100,474,1,2024-01-12 14:44:46,R_3Orns4PHZNL0F0E,anonymous,EN,2,60b5f5b8d67817cddaf20eec,4,1,3,1,1,1,3,1,4,1,3,1,1,1,4,1,1,2,3,1,1,"Although there is still a slight income gap between White and Black Americans, this gap is rapidly closing. This is due to increased educational parity, as people in both groups with the same level of education are now making very similar average annual salaries.",4,16,5,1,1,1,3,1,4,1,3,1,1,3,4,1,1,1,3,1,3,4,1,3,6,7,6,6,,,25,1,6,4,progressive,0,2,,22,22,several years ago,at least 5 times,3,,1,
2024-01-12 14:37:53,2024-01-12 14:45:05,0,100,431,1,2024-01-12 14:45:06,R_3i0s6oSNNZ8SB8d,anonymous,EN,2,5fc27b5a13285c0008cc71ab,4,2,1,1,1,1,1,1,4,1,3,1,2,3,4,1,1,2,3,1,1,"White and black people over the age of 65 who have attended college have fairly equal incomes ($57k and $55k respectively).  However, for people who have less than a high school degree, average incomes of this age group tends to be $18k and $16k respectively.",2,16,3,2,1,1,1,1,4,1,3,2,1,4,1,1,1,1,2,2,4,4,1,1,6,7,5,6,,,64,1,5,2,,1,2,,21,,,,,,1,
2024-01-12 14:41:19,2024-01-12 14:45:31,0,100,252,1,2024-01-12 14:45:32,R_5Qa3O0NjgcvjG6y,anonymous,EN,2,60fcb608f2d286ef581a1711,4,3,1,1,1,1,3,2,3,2,3,1,3,3,3,2,3,2,3,1,2,,2,14,1,2,1,1,2,3,2,3,3,3,3,3,3,3,2,3,3,2,2,3,3,1,5,4,4,5,,"Inflation has gone up a lot in the past 30 years. Making a liveable income is difficult, in a large city or small town. ",24,1,5,2,,1,2,,21,,,,,0,,
2024-01-12 14:47:05,2024-01-12 14:47:10,0,100,4,1,2024-01-12 14:47:10,R_7q3lAk0sXpl6oXA,anonymous,EN,,,,,,,,,,,,,,,,,,,,,,,,,,,,,,,,,,,,,,,,,,,,,,,,,,,,,,,,,,,,,,,,,,,,,,
2024-01-12 14:47:17,2024-01-12 14:47:24,0,100,7,1,2024-01-12 14:47:24,R_1GuXWQyvfDms9eK,anonymous,EN,,,,,,,,,,,,,,,,,,,,,,,,,,,,,,,,,,,,,,,,,,,,,,,,,,,,,,,,,,,,,,,,,,,,,,
2024-01-12 14:43:28,2024-01-12 14:48:24,0,100,296,1,2024-01-12 14:48:25,R_5dshgw6jTrMBi3e,anonymous,EN,2,63d0af5d7dafc1dc61832e27,3,2,3,2,2,2,3,2,3,3,3,2,2,2,3,2,2,3,2,2,2,,2,14,2,2,2,2,3,2,3,3,2,2,2,3,2,3,2,3,2,2,3,3,1,3,6,4,6,6,Blacks and whites have a disparity in wealth/value based on savings and home equity.,,57,1,5,3,,1,2,,21,,,,,,,2
2024-01-12 14:48:34,2024-01-12 14:48:37,8,100,2,1,2024-01-12 14:48:38,R_1H9ojy6UOVesiZj,anonymous,EN,,,,,,,,,,,,,,,,,,,,,,,,,,,,,,,,,,,,,,,,,,,,,,,,,,,,,,,,,,,,,,,,,,,,,,
2024-01-12 14:48:52,2024-01-12 14:49:03,0,100,11,1,2024-01-12 14:49:04,R_5HtlXkECdASbCWl,anonymous,EN,1,,,,,,,,,,,,,,,,,,,,,,,,,,,,,,,,,,,,,,,,,,,,,,,,,,,,,,,,,,,,,,,,,,,,,
2024-01-12 14:44:05,2024-01-12 14:49:11,0,100,306,1,2024-01-12 14:49:12,R_6ESD9XFD21IUrH1,anonymous,EN,2,653d5950d575d918b1fa863e,4,2,1,4,2,3,4,3,3,4,4,4,2,4,3,3,2,3,3,4,4,,2,14,2,4,2,3,4,3,3,4,4,4,2,4,3,3,2,3,3,4,4,4,2,1,2,3,3,1,,Income equality results from growth in more urba;areas,51,1,6,2,,0,2,,22,22,A couple of years,5,3,0,,
2024-01-12 14:50:03,2024-01-12 14:50:09,0,100,5,1,2024-01-12 14:50:10,R_7U0Byk0Lvc2xxh7,anonymous,EN,,,,,,,,,,,,,,,,,,,,,,,,,,,,,,,,,,,,,,,,,,,,,,,,,,,,,,,,,,,,,,,,,,,,,,
2024-01-12 14:44:35,2024-01-12 14:51:42,0,100,426,1,2024-01-12 14:51:43,R_3JCKYl5R03sbLHq,anonymous,EN,2,654aa7700874380f590caed8,2,5,1,3,1,1,4,3,3,1,3,1,3,3,3,3,3,3,3,1,3,It is comparing income between white and black Americans. It states that the income gap is smaller which implies that forcing equality is working.,1,15,1,3,1,1,3,3,3,1,3,1,3,3,3,1,3,3,3,1,3,3,5,1,1,7,1,1,,,42,1,3,4,libertarian ,3,1,,21,,,,,,1,
2024-01-12 14:45:02,2024-01-12 14:51:45,0,100,402,1,2024-01-12 14:51:45,R_6UWT4an9yxcS7dy,anonymous,EN,2,6505eb05db9c13dbcfabc967,4,1,5,3,1,1,3,3,3,4,3,4,2,2,3,4,2,3,3,4,4,,1,15,2,4,2,2,4,3,3,4,3,4,2,2,3,4,2,3,2,4,4,4,1,5,6,6,7,7,"Due historical practices of red lining, has created a income and generational gap between white and black neighborhoods, where educated white neighborhoods have $10-20,000+ wealthier than their purposefully held back black communities.",,41,1,5,5,,0,3,,21,,,,,,,2
2024-01-12 14:52:03,2024-01-12 14:52:06,8,100,2,1,2024-01-12 14:52:06,R_3Sq3RbKPuIV3bP8,anonymous,EN,,,,,,,,,,,,,,,,,,,,,,,,,,,,,,,,,,,,,,,,,,,,,,,,,,,,,,,,,,,,,,,,,,,,,,
2024-01-12 14:43:17,2024-01-12 14:53:36,0,100,618,1,2024-01-12 14:53:37,R_5zNEUmg2XUZdQ3m,anonymous,EN,2,5db48b4d14dab8000de45fdf,4,4,1,1,1,1,1,1,4,1,4,1,4,4,4,1,1,1,4,1,4,That racial pay disparities have been greatly reduced. This is because of education and opportunities that minorities receive today.,4,17,5,1,1,1,1,1,4,1,4,1,4,4,4,1,1,1,4,1,4,4,4,1,4,3,3,3,,,47,1,2,2,,1,2,,22,22,1 week,20,4,,1,
2024-01-12 14:53:31,2024-01-12 14:53:37,8,100,5,1,2024-01-12 14:53:37,R_7hEX0em9b0IK0kd,anonymous,EN,,,,,,,,,,,,,,,,,,,,,,,,,,,,,,,,,,,,,,,,,,,,,,,,,,,,,,,,,,,,,,,,,,,,,,
2024-01-12 14:49:56,2024-01-12 14:54:19,0,100,262,1,2024-01-12 14:54:20,R_1CEDJGtOMHdlJsN,anonymous,EN,2,6596bebc1f8287588f0ce2d9,4,2,1,2,1,1,3,3,3,2,3,2,2,2,3,2,2,2,3,2,2,,2,15,2,3,3,3,3,3,3,2,3,2,2,2,3,2,2,2,2,2,3,4,2,4,5,5,5,5,There is household equity disparity between blacks and whites at all educational levels.,,44,1,6,2,,3,2,,21,,,,,,,2
2024-01-12 14:49:01,2024-01-12 14:55:05,0,100,363,1,2024-01-12 14:55:05,R_16I2ng8MpVn9E2t,anonymous,EN,2,61030c1832cdefc11c8988f6,4,2,2,3,3,2,4,2,4,3,3,3,2,3,3,2,2,4,3,2,3,,3,16,2,3,2,3,4,2,3,3,3,3,2,3,3,2,2,4,3,2,3,4,2,2,4,3,5,5,,"Despite the large wealth disparity in the US between metropolitan and rural areas, government funding is being allocated to improve infrastructure in rural areas. However, urban areas do have a higher income even with higher living costs.   ",24,1,5,2,,2,2,,21,,,,,0,,
2024-01-12 14:47:59,2024-01-12 14:55:54,0,100,475,1,2024-01-12 14:55:55,R_62r0v3EXETvxGI0,anonymous,EN,2,5fb8c064339ea562edc00d73,4,2,3,1,1,1,1,1,4,1,4,1,3,4,4,1,1,1,4,1,4,It is said older adults who have gone to college make significantly more than those who didn't graduate high school. The wage rates between different races is also very similar and is believed education is key to higher and more equal pay between adults above 65 from different races,4,17,5,1,1,1,1,1,4,1,4,1,3,4,4,1,1,1,4,1,4,5,2,2,6,5,6,6,,,32,1,2,2,,3,2,,21,,,,,,1,
2024-01-12 14:49:02,2024-01-12 14:55:56,0,100,414,1,2024-01-12 14:55:57,R_6cd28Kb7iXCRX28,anonymous,EN,2,65835b4f5c14a257e1e1f4a1,4,3,1,3,1,1,3,1,3,1,3,1,2,4,2,3,1,3,1,1,3,The article says that education helps increase the amount earned and that the income gap between white and black men is about $2000 difference.  It is saying that the difference is $2000 in both educated and non college graduates but having education will on average earn you a lot more money.,2,16,3,3,1,1,3,1,3,1,3,1,1,3,1,3,1,3,1,1,3,4,3,1,2,2,4,2,,,36,1,3,2,,0,1,,21,,,,,,1,
2024-01-12 14:50:01,2024-01-12 14:56:01,0,100,359,1,2024-01-12 14:56:02,R_7xyCjR91j0laEUh,anonymous,EN,2,61699140a87c73f10eb7853a,3,4,1,1,1,1,4,1,4,1,3,1,1,1,4,1,1,3,3,1,3,,3,15,3,1,1,1,4,1,4,1,3,1,1,3,4,1,1,3,3,1,3,3,4,1,4,4,2,1,,"Typically, urban areas tend to have a higher gross salary income than rural areas.  Adjustments to the GDP are higher for wealthier areas, that have grown more less wealthy or poorer areas of the country.",49,1,5,3,,6,1,,21,,,,,0,,
2024-01-12 14:50:59,2024-01-12 14:56:02,0,100,303,1,2024-01-12 14:56:03,R_5WRkT2uiumhZe9P,anonymous,EN,2,63bdca370b6ae7fa1786ce11,1,2,2,3,4,4,4,3,2,3,3,3,2,4,3,4,3,2,2,2,3,,1,13,1,3,4,4,4,3,2,3,4,3,2,3,2,3,3,2,2,2,3,1,2,2,7,7,7,7,"White people are still practicing systemic racism. And even though the numbers are right there, it is still being ignored because systemic racism is not going away anytime soon.",,52,1,4,2,,1,1,,21,,,,,,,2
2024-01-12 14:45:50,2024-01-12 14:56:18,0,100,628,1,2024-01-12 14:56:19,R_3oXWHubHAqGqvCx,anonymous,EN,2,5f75fe812fefba02d15300c4,3,1,5,2,1,1,3,2,3,2,3,1,2,3,3,2,1,3,3,2,3,,2,15,2,2,2,2,3,3,2,2,3,2,2,3,2,3,2,3,2,2,3,3,1,5,3,3,3,3,,"Cost of living disparities are mostly the result of higher income areas growing as opposed to low income areas falling behind.  Also, the cost of living is just as important as overall income when evaluating a person's overall economic standing. ",42,1,5,2,,0,2,,21,,,,,0,,
2024-01-12 14:57:05,2024-01-12 14:57:07,0,100,2,1,2024-01-12 14:57:08,R_6GvTuDEAlL6hp3f,anonymous,EN,,,,,,,,,,,,,,,,,,,,,,,,,,,,,,,,,,,,,,,,,,,,,,,,,,,,,,,,,,,,,,,,,,,,,,
2024-01-12 14:48:24,2024-01-12 14:58:09,0,100,584,1,2024-01-12 14:58:09,R_5DAzTkESV6JQyUF,anonymous,EN,2,653177c02de58f0b5da387a9,4,5,1,1,1,1,3,3,3,1,3,1,4,2,3,1,1,1,3,1,4,,2,14,3,2,1,1,1,1,3,1,3,2,3,3,3,3,1,1,3,1,1,4,4,1,4,3,4,4,"The Kaiser Family Foundation (KFF) study reveals a significant wealth gap between White and Black Americans, particularly in savings and home equity, which can be attributed to historical factors such as redlining and discriminatory lending practices, highlighting the need for immediate action to address systemic disparities.",,50,1,4,1,,5,1,,21,,,,,,,2
2024-01-12 14:49:12,2024-01-12 14:58:22,0,100,550,1,2024-01-12 14:58:23,R_31LW07lXtyjy4dI,anonymous,EN,2,5a1db2220fff620001a6e209,2,3,2,4,3,3,4,3,2,4,3,3,2,3,3,4,2,3,2,3,3,"It's an anti-White article that capitalizes black but not White.  This is usually done by jews in academia who don't really want to help blacks, they only want to destroy Whites and Christians as revenge for when God destroyed their entire religion and temple in 70AD.  

The ""article"" then when on to say blacks are getting more education which is narrowing a wage gap.  

This is all just anti-White propaganda, as MLK was nothing more than a communist psyop to get Whites not to see race so they wouldn't notice being ethnically cleansed by jews.",3,14,2,1,1,1,1,1,3,1,3,1,3,3,4,1,1,1,3,1,3,4,3,2,1,1,1,1,,,41,1,5,3,,7,1,,21,,,,,,1,
2024-01-12 14:58:14,2024-01-12 14:58:24,0,100,9,1,2024-01-12 14:58:24,R_5Rp6vsVKA6XjWKt,anonymous,EN,,,,,,,,,,,,,,,,,,,,,,,,,,,,,,,,,,,,,,,,,,,,,,,,,,,,,,,,,,,,,,,,,,,,,,
2024-01-12 14:58:27,2024-01-12 14:58:34,8,100,7,1,2024-01-12 14:58:35,R_3ehk8h92QVchciI,anonymous,EN,,,,,,,,,,,,,,,,,,,,,,,,,,,,,,,,,,,,,,,,,,,,,,,,,,,,,,,,,,,,,,,,,,,,,,
2024-01-12 14:55:08,2024-01-12 14:58:55,0,100,226,1,2024-01-12 14:58:55,R_7ElW7SfNuGcnpbr,anonymous,EN,2,6109482350367148ce0aa834,4,2,3,1,1,1,3,1,3,2,2,1,1,1,3,1,1,3,1,1,1,,3,14,2,1,1,1,3,1,3,2,2,1,1,1,3,1,1,2,1,1,1,4,1,2,5,4,4,4,White people have more in savings and home equity than black people do. This is a disparity amoungst college educated and non college educated people. ,,29,1,3,2,,0,2,,21,,,,,,,2
2024-01-12 14:53:21,2024-01-12 14:59:01,0,100,340,1,2024-01-12 14:59:02,R_7jeWTWkQPtqGkEu,anonymous,EN,2,646792a49a85f35e7a7f5169,3,3,1,1,1,1,2,1,4,1,3,1,2,3,4,1,1,1,4,1,3,,1,15,2,1,1,1,1,1,4,1,3,1,2,3,4,1,1,1,4,1,3,3,3,1,5,7,6,4,The wealth disparity between black and white americans continues to exist today. Home ownership/equity and pay are major contributing factors.,,61,1,2,2,,1,2,,21,,,,,,,2
2024-01-12 14:58:42,2024-01-12 14:59:04,0,100,22,1,2024-01-12 14:59:05,R_6OkziypktbTtJ1I,anonymous,EN,1,,,,,,,,,,,,,,,,,,,,,,,,,,,,,,,,,,,,,,,,,,,,,,,,,,,,,,,,,,,,,,,,,,,,,
2024-01-12 14:58:59,2024-01-12 14:59:05,0,100,5,1,2024-01-12 14:59:05,R_1YPgbKPXgB9K3mx,anonymous,EN,,,,,,,,,,,,,,,,,,,,,,,,,,,,,,,,,,,,,,,,,,,,,,,,,,,,,,,,,,,,,,,,,,,,,,
2024-01-12 14:55:11,2024-01-12 14:59:24,0,100,252,1,2024-01-12 14:59:24,R_57I5cDpDuL8ZDaF,anonymous,EN,2,59fcb4169b760100013a6363,5,3,3,1,1,1,2,1,4,2,1,1,3,2,4,1,2,3,3,1,1,,3,16,3,1,1,1,2,1,4,1,1,2,3,2,4,1,2,4,2,2,2,5,3,3,4,4,4,2,,"Despite differences in cost of living, urban areas often have greater financial opportunity to support high standards of living compared to rural areas that can lag behind, though some government programs can help mitigate this disparity to an extent.",28,1,6,2,,0,3,,21,,,,,0,,
2024-01-12 14:59:50,2024-01-12 14:59:53,8,100,3,1,2024-01-12 14:59:54,R_7I4w2IRKLxZN3EZ,anonymous,EN,,,,,,,,,,,,,,,,,,,,,,,,,,,,,,,,,,,,,,,,,,,,,,,,,,,,,,,,,,,,,,,,,,,,,,
2024-01-12 14:57:31,2024-01-12 15:00:35,0,100,184,1,2024-01-12 15:00:36,R_3gngcFqHjIv6JsT,anonymous,EN,2,56c89222dfea6c000bb23762,3,1,2,1,1,1,1,1,3,1,1,1,3,1,4,1,2,1,2,1,2,,2,15,2,1,1,1,1,1,3,1,3,3,3,2,3,1,1,1,1,1,3,3,1,3,6,4,6,7,Structural discrimination imposed upon black people in the United States had a harsh economic effect.,,33,1,5,2,,0,1,,21,,,,,,,2
2024-01-12 15:00:26,2024-01-12 15:00:38,8,100,11,1,2024-01-12 15:00:38,R_5ClrIszalFUN1w5,anonymous,EN,,,,,,,,,,,,,,,,,,,,,,,,,,,,,,,,,,,,,,,,,,,,,,,,,,,,,,,,,,,,,,,,,,,,,,
2024-01-12 14:51:51,2024-01-12 15:00:43,0,100,531,1,2024-01-12 15:00:44,R_3ozSX9MQNDjF9vI,anonymous,EN,2,63d16430ec396edab1fe4a32,5,2,2,4,1,2,4,3,2,4,3,4,1,3,2,3,1,4,1,3,3,,2,15,2,4,1,1,4,3,2,4,3,4,1,3,2,4,2,4,1,3,3,5,2,2,2,5,2,2,,"While incomes vary widely depending on where people live, so does the cost of living. In addition, the financial growth of richer areas outpaces the financial shrinking of lower-income areas, and the US government has some programs to help the lower-income areas.",45,1,5,2,,1,2,,21,,,,,0,,
2024-01-12 14:48:53,2024-01-12 15:01:00,0,100,727,1,2024-01-12 15:01:01,R_5ETivyVxW7FAz7r,anonymous,EN,2,5e14c66ffa3d10ad0f173dc8,3,4,1,2,2,2,3,3,2,3,3,1,1,3,3,2,3,3,3,1,3,,3,15,3,2,2,1,3,3,3,3,3,2,2,3,3,2,3,3,3,1,3,3,4,1,4,5,4,1,,Average incomes vary widely. Even after adjusting for cost-of-living incomes are higher in areas like major cities compared to smaller towns in the midwest. ,69,1,5,1,,6,2,,21,,,,,0,,
2024-01-12 14:58:16,2024-01-12 15:01:04,0,100,168,1,2024-01-12 15:01:05,R_34O8dhxYjygsXLs,anonymous,EN,2,5b0967ff1c95000001fcb6ce,2,1,2,2,2,2,3,2,2,4,3,3,2,3,1,2,2,3,2,2,3,,3,15,2,2,2,2,2,2,2,2,2,2,2,2,2,2,2,3,2,2,3,2,2,2,4,5,5,5,blacks have less access to housing by having less access to funds,,43,1,6,2,,1,1,,21,,,,,,,2
2024-01-12 14:57:12,2024-01-12 15:01:05,0,100,232,1,2024-01-12 15:01:06,R_3PRXoccoVzef1Ba,anonymous,EN,2,62c9c0f4d7ea4a24b86d445d@email.prolific.com,3,3,1,2,2,2,3,2,3,2,3,2,3,3,3,3,2,2,3,2,3,,2,14,2,2,2,2,3,2,3,2,3,2,3,3,3,3,2,3,3,2,3,3,3,1,4,4,4,4,,Wage discrepancies are present all over the country. Usually places with a higher cost of living have higher wages.,27,1,3,2,,3,1,,21,,,,,0,,
2024-01-12 15:01:02,2024-01-12 15:01:09,8,100,7,1,2024-01-12 15:01:10,R_7rIWiOPVBmvOZZG,anonymous,EN,,,,,,,,,,,,,,,,,,,,,,,,,,,,,,,,,,,,,,,,,,,,,,,,,,,,,,,,,,,,,,,,,,,,,,
2024-01-12 14:57:42,2024-01-12 15:01:29,0,100,227,1,2024-01-12 15:01:30,R_3jrMJspMCVniy0N,anonymous,EN,2,5dc6e8472865554f0289bb6d,4,2,1,3,1,1,2,2,3,1,2,1,4,3,3,1,3,1,3,1,3,education makes incomes more equal in those 65+,3,16,4,1,1,1,1,1,3,1,2,1,4,3,3,1,3,1,3,1,1,4,2,1,2,2,2,1,,,32,1,3,3,,4,2,,21,,,,,,1,
2024-01-12 14:52:47,2024-01-12 15:01:33,0,100,526,1,2024-01-12 15:01:34,R_5fv76L3DxDogHo0,anonymous,EN,2,5dd6ae17dba63462f1ff9c65,4,5,1,1,1,1,3,1,3,4,3,2,3,3,3,1,1,3,3,3,3,Studies of 65 and older black and white adults whether college or lower eduacations are very similar in income. The study shows that trends are improving in this area.,5,17,5,1,1,1,1,1,3,1,3,1,3,3,3,1,1,1,4,1,3,4,5,1,6,6,6,7,,,57,1,2,1,,7,1,,22,21,,,,,1,
2024-01-12 14:57:33,2024-01-12 15:01:46,0,100,252,1,2024-01-12 15:01:46,R_5VPkrxdppePqdEZ,anonymous,EN,2,5d0e2c03c04e1e001a54089f,4,3,1,1,1,1,3,1,4,1,3,1,2,3,3,1,1,3,3,1,2,,3,16,3,1,1,1,3,1,4,1,3,1,2,3,4,1,1,3,3,1,2,4,3,1,6,6,6,7,,Larger areas tend to grow more economically and have higher incomes despite higher cost of living. The government helps with building infrastructure and programs in smaller areas.,33,1,6,2,,2,1,,21,,,,,0,,
2024-01-12 14:59:27,2024-01-12 15:02:24,0,100,177,1,2024-01-12 15:02:25,R_5DpvRzmbu5EeiES,anonymous,EN,2,5ef98087540ce971a8fb4280,1,1,2,3,2,3,4,4,1,4,1,4,1,3,1,4,2,4,1,3,3,,2,15,2,4,3,3,4,4,1,4,1,4,1,3,1,4,3,4,1,4,3,1,1,2,4,3,4,4,The foundation is trying to change the economic gap between white and black workers.,,33,1,2,2,,1,2,,21,,,,,,,2
2024-01-12 14:57:12,2024-01-12 15:02:30,0,100,317,1,2024-01-12 15:02:30,R_5DO83R1VSpOhmqM,anonymous,EN,2,5e8fb6ba9b5ff02b5150ab10,3,2,1,1,1,1,2,1,4,2,3,1,3,3,4,2,2,2,3,1,3,Black and white people aged 65 and older have a similar median income. Those of them who didn't get any higher education have a significantly smaller median income.,3,15,3,2,1,1,2,1,4,2,2,1,3,3,3,2,2,2,3,1,3,3,2,1,4,5,4,3,,,25,1,6,3,,4,1,,21,,,,,,1,
2024-01-12 14:58:59,2024-01-12 15:02:38,0,100,219,1,2024-01-12 15:02:39,R_5LZ1t2PdXg6f1NN,anonymous,EN,2,63e54fcecdb4c6a676593d42,4,4,1,2,2,1,3,2,4,2,3,1,2,2,3,1,1,1,3,1,2,,2,14,2,2,1,1,1,2,3,1,2,1,2,1,3,1,1,1,2,2,2,4,4,1,6,6,6,5,"Due to repercussions of the fair housing act and devaluation of black neighborhoods, black people generally have a lower net worth than white people.",,29,1,5,2,,2,1,,21,,,,,,,2
2024-01-12 14:59:17,2024-01-12 15:02:51,0,100,213,1,2024-01-12 15:02:51,R_69sRKp62KqLEEoK,anonymous,EN,2,5f38e87099a44d40b79e5009,1,1,3,3,2,1,4,3,2,1,2,1,1,2,1,3,1,4,2,1,3,,3,15,3,1,2,2,4,3,3,1,2,1,1,3,2,2,1,3,2,1,3,1,2,3,5,5,5,3,,"Economic inequality exists throughout the United States, with some regions higher than others. However, some inequality is leveled off or reduced thanks to social welfare programs.",37,1,5,2,,1,1,,21,,,,,0,,
2024-01-12 14:58:53,2024-01-12 15:02:59,0,100,246,1,2024-01-12 15:03:00,R_72VLqPr69gPB4DL,anonymous,EN,2,629e1394bd15f744d5933cee,4,5,1,1,1,1,2,1,4,1,3,1,3,3,3,1,1,1,4,1,3,,4,15,3,1,1,1,2,1,3,1,3,1,4,3,3,1,1,1,4,1,3,4,4,1,5,5,5,6,,"Average income the US varies wildly depending on where you live and the challenges associated with cost of living do as well. While it is difficult to move to a nicer area, the US govt has program in place to rebuild and renew existing areas.",32,1,5,2,,1,1,,21,,,,,0,,
2024-01-12 14:58:21,2024-01-12 15:03:03,0,100,282,1,2024-01-12 15:03:04,R_5oNtCGzZ66hFSnf,anonymous,EN,2,60919c8f1b024991374cfb2d,1,3,1,1,1,1,1,1,1,1,1,1,1,2,2,1,1,2,1,1,3,There are studies that show that black adults make less than white. They looked at income of they had if they went to school or not. ,2,15,3,1,1,1,2,1,1,1,1,1,1,1,2,1,1,2,1,2,3,1,2,2,6,6,6,6,,,25,1,4,2,,0,2,,21,,,,,,1,
2024-01-12 14:58:35,2024-01-12 15:03:07,0,100,272,1,2024-01-12 15:03:07,R_3JsfnZti4j7OYit,anonymous,EN,2,5ef42ba59401801d9f859e2d,1,2,1,3,2,2,3,2,3,3,3,2,2,3,2,3,2,2,2,2,2,Incomes between white and blacks are close,3,16,3,3,2,2,3,2,3,3,2,2,2,3,3,3,2,2,2,2,2,1,2,1,5,5,5,5,,,40,1,2,3,,4,1,,21,,,,,,1,
2024-01-12 15:00:05,2024-01-12 15:03:24,0,100,199,1,2024-01-12 15:03:24,R_74tPG49fxhUAWzr,anonymous,EN,2,5ee00ba7431cdf357dca02ab,2,3,1,1,1,1,3,1,3,1,1,1,2,1,2,1,1,1,2,1,1,,2,14,2,1,1,1,3,1,2,1,1,1,1,1,1,1,1,1,1,1,1,1,2,1,4,4,5,4,black Americans have less wealth than white Americans ,,46,1,5,3,,4,1,,21,,,,,,,2
2024-01-12 14:57:40,2024-01-12 15:03:26,0,100,345,1,2024-01-12 15:03:26,R_3D7SpFsGzZSIQjk,anonymous,EN,2,5d2df745da13f60018d14b64,3,3,2,1,1,2,3,2,3,1,3,1,3,3,3,1,1,3,3,1,3,,1,15,2,1,2,2,3,2,3,2,3,2,2,3,3,2,1,3,3,2,3,3,2,2,6,6,7,7,"Based on similar educational backgrounds, whites tend to significantly outpace blacks in terms of both savings and home equity.",,41,1,3,3,,3,1,,21,,,,,,,2
2024-01-12 14:58:05,2024-01-12 15:03:33,0,100,328,1,2024-01-12 15:03:36,R_1thB8psHnlQ7BGl,anonymous,EN,2,62a0e45a42fe6bdc52816cba,2,2,4,3,1,1,2,2,1,2,2,1,1,2,1,2,1,2,1,1,3,,1,13,2,3,3,3,2,2,1,3,2,2,2,2,1,2,1,2,1,2,4,2,2,4,6,5,6,5,The now outlawed redlining caused housing inequality between blacks and whites. It's still causing inequality today going by statistics.,,43,1,3,3,,3,1,,21,,,,,,,2
2024-01-12 14:57:15,2024-01-12 15:03:53,0,100,397,1,2024-01-12 15:03:53,R_1c2dOBnNY2noH82,anonymous,EN,2,6068ed51ec587282cd341998,4,5,1,2,1,1,4,1,2,3,4,1,2,3,2,3,1,1,3,1,3,There's a notable impact on salaries for blacks and whites over 65 with an education. Their salaries tend to be equal when education is involved.,5,17,5,2,2,1,3,1,3,1,3,1,3,3,3,1,1,1,3,1,3,4,5,1,6,5,6,6,,,34,1,5,1,,5,1,,21,,,,,,1,
2024-01-12 14:59:28,2024-01-12 15:03:54,0,100,265,1,2024-01-12 15:03:54,R_1Dw0w4J5mAmC9rM,anonymous,EN,2,5685850c333cbd000d4e042f,2,3,1,2,1,1,3,2,2,1,1,1,2,2,2,3,,2,1,1,1,Economic inequality has been reducing between black and white people.,4,17,5,2,1,1,2,2,2,1,1,1,1,2,2,3,2,2,2,1,1,2,3,1,3,2,3,4,,,29,1,2,3,,3,1,,21,,,,,,1,
2024-01-12 14:57:44,2024-01-12 15:03:56,0,100,372,1,2024-01-12 15:03:57,R_3QPrMfw1cqVAQER,anonymous,EN,2,64cf9d38c6677895238e9ef5,4,4,2,1,1,1,1,1,3,1,3,1,3,3,3,1,1,1,3,1,3,,3,15,3,1,1,1,1,1,3,1,3,1,3,3,3,1,1,1,3,1,3,4,4,2,6,6,6,6,,"It was about inequality between regions. Wealthy urban areas have grown rapidly in terms of economics, which smaller towns have been left behind. The government tries to help with targeted economic investments outside of the wealthy cities. ",40,1,6,3,,3,1,,21,,,,,0,,
2024-01-12 14:59:22,2024-01-12 15:04:13,0,100,290,1,2024-01-12 15:04:14,R_6CjX3LD0bqzVRAd,anonymous,EN,2,63b753401eb907a465852f01,4,5,1,2,2,2,2,2,3,2,3,2,3,3,3,2,2,2,3,2,2,That blacks and whites generally make a similar salary when they start out their careers.,3,15,3,2,2,2,2,2,3,2,3,2,3,3,3,2,2,2,3,2,2,4,5,1,4,4,,4,,,38,1,5,1,,5,1,,21,,,,,,1,
2024-01-12 14:56:03,2024-01-12 15:04:14,0,100,491,1,2024-01-12 15:04:14,R_56ao5mIKme1pcdE,anonymous,EN,2,564b5db96b914e000ffd701f,3,4,1,2,2,2,3,2,4,2,3,2,3,4,4,2,2,3,3,2,3,,4,16,3,2,2,2,3,2,3,2,4,2,3,4,4,2,2,3,3,2,3,3,3,1,4,4,4,4,,Income inequality has eased up a little bit since 2021. Studies show that most of the wealth is in metropolitan cities versus rural areas. ,61,1,4,3,,3,2,,21,,,,,0,,
2024-01-12 15:00:06,2024-01-12 15:04:27,0,100,260,1,2024-01-12 15:04:27,R_7wK0KljlZZN98Pv,anonymous,EN,2,63fbe246ebac23314dda213f,4,2,1,1,1,1,3,1,2,1,1,1,2,2,2,2,1,2,2,1,2,,1,14,1,3,1,1,3,1,1,2,1,1,1,3,1,2,1,2,1,2,3,3,1,1,6,6,6,6,Discriminatory lending practices of years past (redlining) has contributed to a wealth gap in older Black and White Americans.,,30,1,5,3,,5,2,,21,,,,,,,2
2024-01-12 14:57:26,2024-01-12 15:04:39,0,100,433,1,2024-01-12 15:04:40,R_36oCeFwAc96t40p,anonymous,EN,2,5d5b67ab9ad5a300181398dc,2,2,3,3,2,3,4,4,1,4,2,3,2,2,2,4,4,1,1,3,2,,1,14,2,4,3,2,3,3,1,3,2,3,1,2,1,4,4,1,1,4,3,1,1,3,6,5,6,6,There is a great gap between the financial success of White people and BLack people thanks to historical and present prejudice,,38,1,4,2,,0,1,,22,22,a year or so,3,2,,,2
2024-01-12 14:53:17,2024-01-12 15:04:44,0,100,686,1,2024-01-12 15:04:44,R_6Y3zNkANH5RgJ1v,anonymous,EN,2,5a9cc3cb1eda4100013675d0,3,4,1,3,1,1,3,1,4,2,4,1,4,4,4,2,1,1,3,1,4,"The article was about income equality of black and white people aged 65 and older, differentiating between races and education. It concludes that no matter the race the income equality is better for everyone with more education.  ",4,16,3,3,1,1,3,1,3,1,4,1,4,4,4,1,1,1,3,1,4,3,3,1,5,5,5,6,,,42,1,2,2,,2,2,,21,,,,,,1,
2024-01-12 14:59:45,2024-01-12 15:05:01,0,100,316,1,2024-01-12 15:05:02,R_3mjWiEQ1WNtJq0N,anonymous,EN,2,5e0ff44218e8696f9f198d4a,4,3,2,2,1,1,3,2,4,2,2,2,2,2,3,2,2,3,2,1,2,"Studies show that when Blacks and Whites receive a similar education, the difference in their financial situations is narrower than it has been in the past. This is evidence that efforts to ensure minorities get equal access to educational opportunities could further close the gap in income differences.",4,16,4,2,1,1,3,2,4,2,2,2,2,2,3,2,2,3,2,1,2,4,3,2,6,4,5,5,,,57,1,5,3,,4,2,,21,,,,,,1,
2024-01-12 14:59:45,2024-01-12 15:05:04,0,100,318,1,2024-01-12 15:05:05,R_7FRp0WnGQgQ3SS6,anonymous,EN,2,6294bdac3f1ed08e968e53bf,2,3,1,1,1,1,3,1,3,1,1,1,1,1,2,1,1,1,1,1,1,,3,15,1,1,1,1,3,1,3,1,1,1,1,1,2,1,1,1,1,1,1,2,3,1,1,1,1,1,,There is a greart deal if income in euqlkirty.,39,1,5,5,,4,1,,21,,,,,0,,
2024-01-12 14:59:30,2024-01-12 15:05:16,0,100,346,1,2024-01-12 15:05:17,R_7lSIrM6505NxHjm,anonymous,EN,2,632100c39d4c93aa71d32feb,1,2,2,2,2,2,2,2,4,1,3,2,3,3,2,2,2,2,3,1,4,The income gap between blacks and whites over 65 years old with an education is narrowing. On the flip side the income gap betweens blacks and whites without a high school education is not narrowing.,3,16,3,2,2,2,2,2,3,1,3,1,3,3,2,2,2,2,2,1,3,1,2,2,2,4,3,1,,,41,1,4,2,,1,1,,21,,,,,,1,
2024-01-12 15:00:19,2024-01-12 15:05:26,0,100,307,1,2024-01-12 15:05:27,R_5GRPoLbDWkyeArT,anonymous,EN,2,640f88e93bb7201ae82c1c5a,4,1,1,1,1,1,4,1,3,1,1,1,1,1,1,1,1,1,1,1,1,,2,13,1,3,1,1,4,1,4,1,1,1,1,1,1,1,1,1,1,3,1,4,1,1,4,5,5,5,"Overal, white americans are more wealthy than plack americans based on findings in a KFF study. This is mainly due to home equity. ",,24,1,6,2,,2,1,,21,,,,,,,2
2024-01-12 14:58:55,2024-01-12 15:05:29,0,100,393,1,2024-01-12 15:05:29,R_6fvCEKRcL5vXx7j,anonymous,EN,2,60f4a96fa040aaa9bac2fb0b,3,1,2,1,1,1,4,3,3,1,1,1,1,1,3,1,1,4,3,1,1,,3,15,1,1,1,1,4,3,3,1,1,1,1,1,3,1,1,3,3,1,1,3,2,2,7,7,7,7,The racial wealth gap can be seen in savings and home equity in groups of older black and white people. It is the most salient when looking at blacks and whites with low educational attainment levels. ,,39,1,5,2,,2,2,,21,,,,,,,2
2024-01-12 14:59:24,2024-01-12 15:05:31,0,100,366,1,2024-01-12 15:05:31,R_7rITPz0OqYM0zyg,anonymous,EN,2,5c94fd48c97725001643db15,3,3,1,1,1,1,3,1,4,1,3,1,2,3,3,1,1,2,3,1,3,,2,15,3,1,1,1,3,1,3,1,3,1,2,3,3,1,1,1,3,1,3,3,1,1,4,4,4,4,,Larger cities have higher yearly income averages even after taking into account higher costs of living. Areas with lower yearly income tend to fall behind. ,26,1,5,3,,1,2,,21,,,,,0,,
2024-01-12 14:57:51,2024-01-12 15:05:42,0,100,471,1,2024-01-12 15:05:43,R_7fxGHwabwx3WoRc,anonymous,EN,2,62faba5f904642df812944fa,4,3,1,1,1,1,3,1,3,1,3,1,3,3,3,1,1,1,3,1,3,,2,13,2,3,1,1,2,1,3,1,3,1,3,3,3,1,1,1,1,1,3,4,3,1,5,4,4,5,The financial disparity between whites and blacks is evident.,,68,1,2,2,,3,2,,21,,,,,,,2
2024-01-12 15:00:02,2024-01-12 15:05:45,0,100,342,1,2024-01-12 15:05:45,R_31bU0lP2TwfRPgc,anonymous,EN,2,5d1c006ac2696c0019647572,4,4,1,1,1,1,2,2,4,2,3,2,3,3,3,2,2,2,3,2,2,,2,15,2,,2,2,2,2,3,2,3,3,3,3,3,3,2,2,2,2,3,3,3,1,6,5,5,4,,the sad part is low income families so will mostly stay low income  and do not have the opportunities the wealthy have.       The wealthy will still be wealthy whatever the economy,59,1,4,2,,4,2,,21,,,,,0,,
2024-01-12 14:57:40,2024-01-12 15:06:03,0,100,502,1,2024-01-12 15:06:05,R_5fe3QBrCOQSVFQ4,anonymous,EN,2,60463896f9a82809f6eda231,5,4,1,1,1,1,1,1,4,1,4,1,4,4,4,1,1,1,4,1,3,,3,16,3,1,1,1,1,1,4,1,4,1,4,4,4,1,1,1,4,1,3,5,4,1,6,6,7,7,,"The article was about income inequality and how it is linked to where people live. People who are living in rural areas are lagging behind; however, the government is working to invest in these areas with Tech Hubs.",46,1,4,2,,1,1,,21,,,,,0,,
2024-01-12 14:54:56,2024-01-12 15:06:06,0,100,669,1,2024-01-12 15:06:06,R_5CeTaZ1mVOsKUFt,anonymous,EN,2,6583edbd855776cf6699eed1,2,2,1,2,2,3,2,1,4,1,3,1,1,3,3,1,1,1,2,1,3,"On average, after research, Black Americans face a lower income aspects at a higher age in comparison to other racial demographics. They statistically will not make as much money as white Americans. ",2,15,2,1,3,3,1,1,4,1,2,1,1,2,1,1,1,1,1,1,3,2,1,1,3,4,5,5,,,21,1,5,2,,3,2,,21,,,,,,1,
2024-01-12 15:00:53,2024-01-12 15:06:11,0,100,318,1,2024-01-12 15:06:11,R_5D2gZ1i3LHb9Db8,anonymous,EN,2,546f8a9cfdf99b4a593414ea,5,4,1,1,1,1,2,1,4,1,3,1,3,3,4,1,1,1,3,1,2,,3,13,2,1,1,1,2,1,4,1,3,1,3,3,4,1,1,1,3,1,2,5,4,1,4,1,3,3,White people bad. It is not black peoples fault they have no savings or equity in their homes.,,54,1,5,3,,5,1,,22,22,6 months? ,dozen or so,4,,,2
2024-01-12 14:59:19,2024-01-12 15:06:29,0,100,429,1,2024-01-12 15:06:30,R_6wTeVCctjW6Iba6,anonymous,EN,2,5dd56a2ed6907251e83c7d70,2,2,2,4,3,3,4,4,2,2,2,2,2,3,1,4,3,3,2,3,3,It indicates that improving access to education may lower income disparity between white and black Americans.,3,16,4,4,3,3,4,4,2,2,3,2,2,3,2,4,3,3,2,2,3,2,2,4,3,5,3,3,,,60,1,3,3,,3,1,,21,,,,,,1,
2024-01-12 14:57:47,2024-01-12 15:06:30,0,100,523,1,2024-01-12 15:06:31,R_39rZCryRRPyOueJ,anonymous,EN,2,64e275237a4db6f6038b40f4,2,2,2,2,2,2,3,2,3,2,3,2,2,3,3,2,2,3,3,1,3,,3,15,2,3,2,2,3,2,3,2,3,3,2,3,3,3,2,3,3,2,3,2,2,2,3,4,3,2,,The article discussed income inequality per capita among larger urban areas in the US and more rural areas. The article claims that the difference is owing more to urban areas growing economically than rural areas falling behind.,48,1,6,3,,3,2,,21,,,,,0,,
2024-01-12 14:59:11,2024-01-12 15:06:35,0,100,444,1,2024-01-12 15:06:36,R_52s17sVyFwB0wuJ,anonymous,EN,2,56f2a5e0ed0cf6000691320b,5,5,1,1,1,1,2,1,3,1,3,1,2,4,4,1,1,2,3,1,4,Equal education for blacks and whites results in financial equality among adults aged 65 or older.,4,17,5,1,1,1,2,1,3,1,4,1,1,4,4,1,1,1,4,1,4,5,5,1,2,5,4,4,,,74,1,6,1,,6,2,,21,,,,,,1,
2024-01-12 14:56:59,2024-01-12 15:06:48,0,100,589,1,2024-01-12 15:06:49,R_3BOlFW76bABzbIR,anonymous,EN,2,654a7dc3947d7596cfb8efb6,5,4,1,1,1,1,2,1,4,1,4,1,3,4,3,1,1,1,4,1,4,Education plays a crucial role in bridging the financial gap between blacks and whites. The more education opportunities that are available in the future the closer we can come to financial equality. ,5,16,4,1,1,1,1,1,4,1,4,1,3,4,4,1,1,1,4,1,4,4,4,1,6,5,6,6,,,45,1,2,5,,3,1,,21,,,,,,1,
2024-01-12 14:56:39,2024-01-12 15:06:53,0,100,614,1,2024-01-12 15:06:54,R_5r7lQZXW1RBdbQR,anonymous,EN,2,655449e2ae9ae69ad8acec47,4,2,1,1,2,2,3,2,3,2,3,2,3,3,3,2,3,2,3,2,3,"Older college educated people of black and white ethnicity have approximately the same high income between 57K and 62K.  However those over 65 without a college education differ in income, with whites making around 18K and blacks making 16K.  Access to a good education ensures the same opportunity to make a higher income whether you're black or white.",2,15,2,3,2,2,2,2,3,3,3,3,2,3,2,2,2,2,2,3,4,4,2,1,5,6,5,3,,,49,1,3,2,,1,2,,21,,,,,,1,
2024-01-12 15:00:05,2024-01-12 15:07:09,0,100,424,1,2024-01-12 15:07:10,R_668DY8rcWfL2Yxw,anonymous,EN,2,5bdbce5593c9ba0001ef52a0,1,2,1,2,2,2,4,3,3,2,1,2,2,2,2,3,1,4,2,1,2,,3,15,2,3,3,2,4,2,3,2,1,2,1,2,2,3,1,4,1,2,2,1,2,1,4,5,4,2,,"Average income variance across the United States is largely based on expensive, higher income areas growing faster than lower income or rural areas.",28,1,3,3,,4,1,,21,,,,,0,,
2024-01-12 15:00:46,2024-01-12 15:07:13,0,100,386,1,2024-01-12 15:07:14,R_3v2F0XeyAEhCe3v,anonymous,EN,2,6111556d27f136bb7db6667d,1,4,1,3,3,3,3,3,2,1,2,1,2,3,2,4,3,3,2,1,3,,2,14,2,4,3,3,3,3,2,3,2,3,1,3,1,4,4,3,1,3,3,1,2,2,6,6,7,5,,"There is an economic divide based on geographic location with those being in cities being wealthier, even after considering higher costs of living. ",25,1,5,1,,6,2,,21,,,,,0,,
2024-01-12 15:00:33,2024-01-12 15:07:43,0,100,429,1,2024-01-12 15:07:43,R_3k4gvqKnkHRgn97,anonymous,EN,2,616567af93f2b71b50c3ff85,5,5,1,1,1,1,4,2,3,1,3,1,2,4,4,1,3,3,4,1,4,,2,14,2,3,1,1,4,3,2,1,3,3,2,4,2,2,4,4,2,2,4,5,5,1,7,7,7,7,Older white people have had more time to build home equity. Past discrimination prevented many black families from buying homes in nice areas.,,45,1,6,2,,3,1,,21,,,,,,,2
2024-01-12 14:59:36,2024-01-12 15:07:53,0,100,497,1,2024-01-12 15:07:54,R_7GCxUnFYW3TjwJ7,anonymous,EN,2,5ddbd6e518beb6b1e1de0326,3,4,1,3,1,1,3,1,4,2,3,1,3,4,4,2,1,3,3,1,3,,4,15,3,1,1,1,3,1,4,2,4,1,3,3,3,2,1,3,3,1,3,3,4,1,4,4,4,3,,the rate of income varies as to location while inflation is about equal across the board,76,1,5,3,,6,1,,21,,,,,0,,
2024-01-12 14:57:50,2024-01-12 15:07:58,0,100,607,1,2024-01-12 15:07:59,R_7CvU7OCLr6Wxb4V,anonymous,EN,2,5aee4c420ccc2e0001859282,3,1,5,2,1,1,3,1,2,3,2,2,1,1,2,1,1,2,2,1,1,,2,15,3,2,1,1,3,2,2,3,1,1,1,1,1,1,1,3,1,1,1,3,1,5,6,6,6,6,,Areas with high income earners have outpaced the economic growth of areas with lower income earners. Governments can invest in low income areas to stimulate economic growth.,33,1,5,3,,0,2,,21,,,,,0,,
2024-01-12 14:59:16,2024-01-12 15:08:19,0,100,542,1,2024-01-12 15:08:20,R_7DfCXFULQkxGlmp,anonymous,EN,2,5e8601d90126b207e8c7a2aa,2,3,1,3,1,1,4,1,3,3,3,1,1,3,3,3,1,3,3,1,3,It was comparing black and white Americans with the same or similiar education and their differing saleries. White Americans were making more on average than their black counterparts. ,2,15,,3,1,1,4,1,3,1,1,3,1,3,1,1,1,3,1,1,3,2,3,1,4,5,5,5,,,43,1,4,2,,2,2,,21,,,,,,1,
2024-01-12 14:54:38,2024-01-12 15:08:36,0,100,838,1,2024-01-12 15:08:37,R_3f1zkl6C6Td5KeW,anonymous,EN,2,653ac482f1c82326343e55f8,3,4,1,1,1,1,3,1,4,2,3,1,2,4,4,1,1,1,3,1,3,"Studies show that in the 65 and over age group that there is less income disparity between white and blacks when their level of education is the same, as opposed to a greater disparity when their education level is not the same. This suggests that focusing on equal access to education will help bridge the gap between incomes of blacks and whites.",5,16,4,1,1,1,3,1,4,1,3,1,2,4,4,1,1,1,3,1,4,2,4,1,6,6,6,6,,,50,1,5,3,,4,1,,21,,,,,,1,
2024-01-12 15:00:45,2024-01-12 15:09:21,0,100,515,1,2024-01-12 15:09:21,R_58HORyKL0LZxjjP,anonymous,EN,2,631396e643dc2531c8fe2e45,4,3,1,1,1,1,3,1,3,1,3,1,2,3,3,1,1,2,3,1,2,"The wage difference between black and white college graduates is negligible, however, there is a noticeable difference at the age of 65 between white educated and blacks who are not.  The article stressed that more emphasis on access to higher education for all should be a priority.",3,16,3,1,1,1,3,1,3,1,3,1,3,3,3,1,1,2,2,1,3,3,3,1,5,6,5,4,,,62,1,3,1,,6,1,,21,,,,,,1,
2024-01-12 14:56:20,2024-01-12 15:09:25,0,100,784,1,2024-01-12 15:09:25,R_78Gw7Wus5eHpaB8,anonymous,EN,2,559d9916fdf99b1e2b2dc6b8,1,3,2,2,2,2,3,2,3,1,1,2,1,2,1,3,1,3,1,1,1,,1,15,1,2,1,1,3,1,3,1,1,1,1,1,1,3,1,2,1,1,1,1,2,2,4,5,4,1,,"Income varies, and sometimes that's related to geography.",70,1,5,2,,0,2,,22,22,(BTW - there may be people who don't know what an IAT is.) Probably at least a few years. I don't do them anymore.,I have no idea. I've been doing studies almost 10 years and I don't track the content that closely.,8,0,,
2024-01-12 14:59:07,2024-01-12 15:09:47,0,100,639,1,2024-01-12 15:09:47,R_5Pqa0xduuYRAbBz,anonymous,EN,2,58472149000f1000010ebc53,5,4,1,1,1,1,1,1,4,1,4,1,3,4,4,1,1,1,4,1,4,Education plays a key role in reducing income disparities among adults aged 65 and above.  This shows the potential that education has in reducing the financial gap between black and white individuals,4,16,3,1,1,1,1,1,4,1,4,1,3,4,4,1,1,1,4,1,4,5,4,1,6,6,6,5,,,47,1,5,2,,1,1,,21,,,,,,1,
2024-01-12 14:59:33,2024-01-12 15:10:00,0,100,627,1,2024-01-12 15:10:01,R_7H0Kz5NectrlBaS,anonymous,EN,2,5bd8fabf544d4f000141d94d,3,4,2,2,2,2,2,2,3,2,3,1,3,3,3,1,2,2,3,1,3,,2,14,2,3,2,2,2,2,3,3,2,3,2,3,1,2,2,2,1,3,4,3,3,2,6,6,6,6,When comparing Whites and Blacks with similar educational backgrounds it is found that Blacks significantly trail Whites in terms of savings and house values.,,70,1,6,2,,1,1,,21,,,,,,,2
2024-01-12 15:01:26,2024-01-12 15:10:49,0,100,563,1,2024-01-12 15:10:50,R_1gBxk6hoBa5SDCh,anonymous,EN,2,614fb0e5a57edac09cfeaf1f,3,4,1,2,1,1,3,2,3,1,2,1,3,3,3,2,1,1,3,1,3,,1,15,2,2,1,1,2,1,3,2,3,1,3,3,2,2,1,1,1,1,3,3,4,2,5,6,5,6,There is a large income inequality between whites and blacks. This was cause by redlining. The levels of inequality continue into home ownership and education.,,74,1,3,2,,2,1,,21,,,,,,,2
2024-01-12 14:55:46,2024-01-12 15:10:52,0,100,905,1,2024-01-12 15:10:52,R_1weaF8CWrus16nv,anonymous,EN,2,62df4a06387d284d36055b04,4,4,1,1,1,1,3,1,4,1,4,1,3,4,4,1,1,3,4,1,3,,1,14,2,3,3,2,3,2,4,3,3,3,2,4,3,3,3,2,2,4,4,4,4,1,6,5,6,6,The white population has an advantage over the black population because of past discriminant rules and methods.,,70,1,3,3,,4,1,,21,,,,,,,2
2024-01-12 15:04:03,2024-01-12 15:11:33,0,100,450,1,2024-01-12 15:11:34,R_3lIOM3Ih1RqL9S1,anonymous,EN,2,5d8186b89d5990001958d771,4,3,2,1,1,1,3,1,4,1,4,1,2,4,4,1,1,1,4,1,2,,4,15,3,1,1,1,2,1,4,1,4,1,2,4,4,1,1,1,4,1,2,4,3,2,4,1,4,5,,The average income varies vastly in different areas but it is important to acknowledge that the cost of living goes hand in hand with this. It is often impractical to move to a place with job opportunities but more often we are seeing Tech Hubs sprout up.,31,1,5,5,,4,2,,21,,,,,0,,
2024-01-12 15:03:12,2024-01-12 15:12:02,0,100,530,1,2024-01-12 15:12:03,R_7WCqm5y1EMGOCul,anonymous,EN,2,653681c1d399b35dd1f194ab,3,4,1,1,1,3,2,2,4,2,3,1,3,3,4,1,1,1,3,1,3,,3,14,2,1,1,2,2,2,4,1,3,1,3,3,4,1,1,1,3,1,3,3,4,1,4,6,5,6,,"The article discussed the differencein economic conditions in higher-income, city center locales versus lower income, more rural locations. It discussed data factors such as inflation, and the rate of change in income in each of these areas.",40,1,3,1,,7,2,,21,,,,,0,,
2024-01-12 15:07:47,2024-01-12 15:12:33,0,100,285,1,2024-01-12 15:12:33,R_6czTiypKQuwUJlH,anonymous,EN,2,62e42aaad0079d2ff8e97597,4,2,1,2,1,1,3,2,3,2,3,2,3,2,3,2,1,3,3,2,1,,3,14,2,2,1,1,4,2,2,4,2,4,3,1,2,3,1,3,2,4,1,4,1,1,5,4,2,2,"The historic practice of redlining contributed to economic disparity between white and black families. Even today, black people on average have less money than white people even when they share the same educational background.",,32,1,4,3,,4,2,,21,,,,,,,2
2024-01-12 15:03:02,2024-01-12 15:13:31,0,100,628,1,2024-01-12 15:13:31,R_5houmsrNSFiXWhm,anonymous,EN,2,63f779111c0c5d6abc36db57,5,3,2,1,1,1,3,1,4,1,4,1,4,4,4,1,1,1,4,1,1,Itâ€™s about what the income levels between whites and blacks are closing the gap meaning that education plays a key role for both whites and blacks.,5,16,3,1,1,1,3,1,4,1,4,1,4,4,4,1,1,1,4,1,1,5,2,2,4,4,5,5,,,47,6,3,2,,6,2,,21,,,,,,1,
2024-01-12 14:58:05,2024-01-12 15:14:51,0,100,1005,1,2024-01-12 15:14:51,R_7TNuRKIr5tRGAAS,anonymous,EN,2,592bb32c943e670001cde123,2,3,1,1,1,1,3,2,3,1,2,1,3,3,3,2,2,3,3,1,3,,2,15,3,3,3,3,3,2,2,2,1,2,2,2,2,2,1,2,1,2,3,2,2,2,5,5,5,5,Redlining and other unfair housing policies throughout history have made black neighborhoods worth less than white neighborhoods on average. White people have more wealth in their homes than black people on average.,,39,1,5,2,,0,1,,22,22,1 year,2,3,,,2
2024-01-12 14:58:03,2024-01-12 15:17:24,0,100,1161,1,2024-01-12 15:17:25,R_7YPLUyPioXulJg9,anonymous,EN,2,60dbf6f5a1694ed71ee0fd7f,2,1,3,3,3,2,4,3,3,3,3,2,2,3,3,3,2,3,2,2,3,,2,15,2,3,3,2,4,2,3,3,2,3,2,3,2,3,2,3,2,3,3,1,1,3,4,5,4,3,,"In the US, economic prosperity varies based on geographic location. Urban centers have higher GDP versus rural areas, though it is because urban centersaccumulate more, not that rural areas incomes are decreasing.  ",34,1,5,2,,0,2,,21,,,,,0,,
2024-01-12 14:58:58,2024-01-12 15:17:36,0,100,1118,1,2024-01-12 15:17:37,R_3c8gZnq6ftEmj9I,anonymous,EN,2,59949236c825cf0001d7dcdc,4,3,1,2,1,1,2,2,4,2,2,2,2,2,3,2,2,2,3,2,3,,2,13,1,3,1,1,2,2,4,3,2,3,2,2,3,2,2,2,2,3,3,4,3,1,6,4,6,4,"First I only have about $75k in savings right now so they both make more than me, But yes we all know that historically and generally whites make more than blacks,  There is a long history of this.  I am fighting the urge to go off on a tangent with general income equality and how the real enemy of all the people are the ultra-rich.  Also, housing inequality lasted a lot longer than in 1968 it still exists look at New York or the Bay Area. Poor people can't afford to live in those places anymore.  Sorry for going long and off-topic. ",,53,1,5,2,,0,1,,21,,,,,,,2
2024-01-12 15:02:18,2024-01-12 15:18:54,0,100,995,1,2024-01-12 15:18:54,R_5JBRBoxp6G5AJ3z,anonymous,EN,2,6158cd25533cca75a4429fc9,3,5,1,1,1,1,2,1,3,2,3,1,3,3,3,1,2,1,3,1,2,,2,15,2,1,1,1,1,1,3,1,3,1,3,3,3,1,2,2,3,1,3,3,5,1,4,5,5,4,"According to their research, black people have less in savings and home equity than white people of the same education level.",,54,1,4,3,,5,1,,21,,,,,,,2
2024-01-12 15:15:35,2024-01-12 15:22:58,0,100,443,1,2024-01-12 15:22:59,R_7K0ZI5rRGa6Iicy,anonymous,EN,2,5938e042e9b44100013ae891,3,3,2,2,1,1,4,1,3,1,1,1,1,1,2,1,1,1,1,1,1,That racial inequality is made less so when a person has a degree. That it's one way to help make things better for everyone.,3,15,3,2,1,1,4,1,3,1,1,1,1,1,2,1,1,1,1,1,1,3,3,2,4,3,4,4,,,38,1,5,2,,2,2,,22,22,1 month,50,5,,1,
2024-01-12 15:30:34,2024-01-12 15:35:18,0,100,284,1,2024-01-12 15:35:18,R_5kAoonYRjw2WwLf,anonymous,EN,2,63d3fa0d6c990bc96e11becf,1,3,1,2,2,2,2,2,3,2,3,2,3,3,3,3,2,2,2,2,2,,2,13,2,2,2,2,2,2,3,2,3,2,2,3,3,3,2,2,3,2,3,1,3,1,5,5,5,6,"White people have unfairly had more money than other groups, especially black people.",,48,1,2,3,,4,1,,21,,,,,,,2
2024-01-12 15:33:52,2024-01-12 15:39:59,0,100,366,1,2024-01-12 15:40:00,R_1OOEh8YqFGlV5Zv,anonymous,EN,2,56e6a66af6ed900006a5867c,1,3,1,4,3,3,4,3,3,3,4,2,1,3,1,3,2,3,2,1,4,,2,14,2,4,3,3,4,3,2,2,4,2,1,3,1,4,3,4,2,2,4,1,3,1,7,5,6,,,Income disparities across the US are common. The US tries to address this through infrastructure and other programs.,43,1,2,3,,4,1,,21,,,,,0,,
2024-01-12 15:25:51,2024-01-12 15:42:20,0,100,989,1,2024-01-12 15:42:21,R_5R4Y7lPSnMnlOOl,anonymous,EN,2,5748814f7fd0ec000fb6e5bf,1,3,1,2,1,1,1,3,2,1,1,1,1,1,1,1,1,1,2,1,1,The trends for black and white over 65 are nearly the same. The main difference was those who had a college degree vs those who had a high  school diploma. ,4,16,3,1,1,1,1,2,3,1,1,1,1,1,1,1,1,1,1,1,2,1,3,1,5,3,6,5,,,48,1,6,3,,4,2,,22,22,2 years,1,3,,1,
2024-01-12 16:27:56,2024-01-12 16:41:05,0,100,789,1,2024-01-12 16:41:06,R_6qKhRQ6G8qfv4Qy,anonymous,EN,2,Shaniya Kendrick,3,4,1,1,1,1,1,1,4,1,1,1,1,1,3,1,1,2,1,1,1,"Individuals, typically white, with a high school diploma and higher education tend to generate a higher yearly income. Individuals who have not received a high school diploma tend to generate a significantly less yearly income. ",2,14,1,1,1,1,1,1,4,1,1,1,1,1,1,1,1,1,1,1,3,2,4,3,5,5,5,5,,,,2,2,5,,0,2,,22,22,few months ago,3 times,8,,1,